Workbook

Sheet Данные
A1: Модель | B1: Номер задачи | C1: Тип задачи | D1: Задержка | E1: Ответ | F1: Ошибка | G1: Длина ответа (символы) | H1: Длина ответа (слова) | I1: Корректность | J1: Полнота | K1: Инструкция | L1: Полезность | M1: Общий балл
A2: DeepSeek-R1-Distill-Qwen-14B-GGUF | B2: 1 | C2: Объяснение | D2: 14.475053 | E2: Хеширование преобразует данные в фиксированную строку (хэш), который не может быть восстановлен обратно. Основное назначение — проверка целостности и аутентификация. Симметричное шифрование использует ключ для преобразования данных и их복нения, обеспечивая конфиденциальность. | G2: 278 | H2: 31 | M2: =SUM(I2:L2)
A3: DeepSeek-R1-Distill-Qwen-14B-GGUF | B3: 2 | C3: Классификация | D3: 11.815504 | E3: атака | G3: 7 | H3: 1 | M3: =SUM(I3:L3)
A4: DeepSeek-R1-Distill-Qwen-14B-GGUF | B4: 3 | C4: Суммирование | D4: 6.9879295 | E4: Zero Trust — это модель безопасности, требующая строгой проверки каждого пользователя и устройства, пытающегося получить доступ к ресурсам сети, независимо от их расположения внутри или вне периметра компании. | G4: 211 | H4: 28 | M4: =SUM(I4:L4)
A5: DeepSeek-R1-Distill-Qwen-14B-GGUF | B5: 4 | C5: Извлечение данных | D5: 6.4096273 | E5: ```json { "name": "Иван Петров", "position": "ведущий инженер по безопасности", "company": "ООО Ромашка" } ``` | G5: 118 | H5: 15 | M5: =SUM(I5:L5)
A6: DeepSeek-R1-Distill-Qwen-14B-GGUF | B6: 5 | C6: Генерация кода | D6: 18.050116 | E6: Here is a Python function that uses regular expressions to validate an email address: ```python import re def email_is_valid(email): pattern = r'^[a-zA-Z0-9_.+-]+@[a-zA-Z0-9-]+\.[a-zA-Z]{2,}$' return bool(re.fullmatch(pattern, email)) ``` This function returns `True` if the input string is a valid email address according to the defined pattern and `False` otherwise. | G6: 381 | H6: 47 | M6: =SUM(I6:L6)
A7: DeepSeek-R1-Distill-Qwen-14B-GGUF | B7: 6 | C7: Поиск ошибки | D7: 9.7190007 | E7: The error is due to incorrect order of operations. The function returns `a + (b * 2)` instead of `(a + b) * 2`. To get the expected result: **Step-by-step Explanation:** 1. **Current Function Behavior:** `add(2,3)` computes `2 + (3*2) = 8`. 2. **Desired Result:** Expected output is 10 when adding and then multiplying by 2. 3. **Fix:** Change the calculation to `(a + b) * 2`. **Corrected Code:** ```python def add(a, b): return (a + b) * 2 ``` When `add(2,3)` is called now, it computes `(2+3)*2 = 10`, which matches the expected result. | G7: 548 | H7: 95 | M7: =SUM(I7:L7)
A8: DeepSeek-R1-Distill-Qwen-14B-GGUF | B8: 7 | C8: Логика | D8: 13.014195 | E8: Давайте разберёмся с задачей шаг за шагом: 1. **Имеем три шляпы:** Красная, зелёная, синяя. 2. **Люди:** Алиса, Боб, Чарли. **Условия:** - Алиса не носит красную шляпу. - Боб носит зелённую шляпу. **Решение:** 1. **Боб носит зелённую шляпу.** Это у нас фиксировано, значит: - Боб — зелёная шляпа. 2. **Алиса не носит красную шляпу.** Значит, Алиса может носить только зелёную или синюю шляпу. 3. **Определение для Алисы и Чарли:** - Поскольку Боб уже носит зелённую шляпу,剩下只剩下 красная и синяя. - Алиса не может носить красную, значит она должна носить синюю. - Остаётся красная шляпа для Чарли. **Итоговый ответ:** - Алиса — синяя шляпа - Боб — зелёная шляпа - Чарли — красная шляпа | G8: 716 | H8: 112 | M8: =SUM(I8:L8)
A9: DeepSeek-R1-Distill-Qwen-14B-GGUF | B9: 8 | C9: Информационная безопасность | D9: 13.868791 | E9: To protect a web application from SQL injection attacks, the following three main measures are essential: 1. **Use Prepared Statements (Parameterized Queries)**: This method separates SQL code from user input, ensuring that user inputs are treated as data rather than executable code. 2. **Input Validation and Sanitization**: Validate all user inputs against expected formats and criteria to block malicious attempts before they can be used in queries. 3. **Use Stored Procedures**: By executing predefined database operations on the server, stored procedures reduce the risk of SQL injection by limiting direct dynamic SQL execution. These measures collectively create a robust defense mechanism against SQL injection threats. | G9: 734 | H9: 105 | M9: =SUM(I9:L9)
A10: DeepSeek-R1-Distill-Qwen-14B-GGUF | B10: 9 | C10: Деловой стиль | D10: 7.4858995 | E10: Исполнение данного задания в установленный срок невозможно ввиду технического сбоя базы данных. | G10: 97 | H10: 12 | M10: =SUM(I10:L10)
A11: DeepSeek-R1-Distill-Qwen-14B-GGUF | B11: 10 | C11: Жесткий формат | D11: 4.2873234 | E11: 1. **Privacy Protection**: Hides your IP address and browsing activity from trackers, ISPs, and governments. 2. **Data Encryption**: Safeguards your internet traffic from cyber threats and data breaches. 3. **Access to Geo-Blocked Content**: Enables you to bypass regional restrictions on websites and streaming services. | G11: 327 | H11: 44 | M11: =SUM(I11:L11)
A12: LLaMa-3.1-Instruct-Zeroed-13B-GGUF | B12: 1 | C12: Объяснение | D12: 5.0896221 | E12: Хеширование и симметричное шифрование - два разных метода защищения данных. Хеширование: алгоритм, который принимает входные данные (например, пароль), производит сложную Transformation и дает фиксированную длину выходных данных (хеш). Хеш невозможно восстановить обратно. Пример - парольная защита. Симметричное шифрование: алгоритм, который принимает входные данные и ключ шифрования, производит секретную Transformation и дает зашифрованные данные. Чтобы расшифровать, нужно использовать тот же ключ. Пример - HTTPS соединения. В хешировании важен одинаковость исходных данных, а в симметричном шифровании важен использованный ключ. | G12: 638 | H12: 77 | M12: =SUM(I12:L12)
A13: LLaMa-3.1-Instruct-Zeroed-13B-GGUF | B13: 2 | C13: Классификация | D13: 0.1403355 | E13: Атака. | G13: 6 | H13: 1 | M13: =SUM(I13:L13)
... A41: gemma-4-12b-it-QAT-GGUF | B41: 10 | C41: Жесткий формат | D41: 3.5233356 | E41: 1. Конфиденциальность и анонимность интернет-активности. 2. Защита данных при использовании публичных сетей Wi-Fi. 3. Обход географических ограничений и цензуры. | G41: 161 | H41: 19 | M41: =SUM(I41:L41)

Sheet Сводка
A1: Модель | B1: Средний балл | C1: Средняя корректность | D1: Средняя полнота | E1: Средняя инструкция | F1: Средняя полезность | G1: Средняя задержка | H1: Средняя длина ответа | I1: Количество ошибок
A2: DeepSeek-R1-Distill-Qwen-14B-GGUF | B2: =ROUND(AVERAGEIF(Данные!$A:$A, A2, Данные!$M:$M), 2) | C2: =ROUND(AVERAGEIF(Данные!$A:$A, A2, Данные!$I:$I), 2) | D2: =ROUND(AVERAGEIF(Данные!$A:$A, A2, Данные!$J:$J), 2) | E2: =ROUND(AVERAGEIF(Данные!$A:$A, A2, Данные!$K:$K), 2) | F2: =ROUND(AVERAGEIF(Данные!$A:$A, A2, Данные!$L:$L), 2) | G2: =ROUND(AVERAGEIF(Данные!$A:$A, A2, Данные!$D:$D), 3) | H2: =ROUND(AVERAGEIF(Данные!$A:$A, A2, Данные!$G:$G), 1) | I2: =COUNTIFS(Данные!$A:$A, A2, Данные!$F:$F, "<>")
A3: LLaMa-3.1-Instruct-Zeroed-13B-GGUF | B3: =ROUND(AVERAGEIF(Данные!$A:$A, A3, Данные!$M:$M), 2) | C3: =ROUND(AVERAGEIF(Данные!$A:$A, A3, Данные!$I:$I), 2) | D3: =ROUND(AVERAGEIF(Данные!$A:$A, A3, Данные!$J:$J), 2) | E3: =ROUND(AVERAGEIF(Данные!$A:$A, A3, Данные!$K:$K), 2) | F3: =ROUND(AVERAGEIF(Данные!$A:$A, A3, Данные!$L:$L), 2) | G3: =ROUND(AVERAGEIF(Данные!$A:$A, A3, Данные!$D:$D), 3) | H3: =ROUND(AVERAGEIF(Данные!$A:$A, A3, Данные!$G:$G), 1) | I3: =COUNTIFS(Данные!$A:$A, A3, Данные!$F:$F, "<>")
A4: Qwen2.5-14B-Instruct-GGUF | B4: =ROUND(AVERAGEIF(Данные!$A:$A, A4, Данные!$M:$M), 2) | C4: =ROUND(AVERAGEIF(Данные!$A:$A, A4, Данные!$I:$I), 2) | D4: =ROUND(AVERAGEIF(Данные!$A:$A, A4, Данные!$J:$J), 2) | E4: =ROUND(AVERAGEIF(Данные!$A:$A, A4, Данные!$K:$K), 2) | F4: =ROUND(AVERAGEIF(Данные!$A:$A, A4, Данные!$L:$L), 2) | G4: =ROUND(AVERAGEIF(Данные!$A:$A, A4, Данные!$D:$D), 3) | H4: =ROUND(AVERAGEIF(Данные!$A:$A, A4, Данные!$G:$G), 1) | I4: =COUNTIFS(Данные!$A:$A, A4, Данные!$F:$F, "<>")
A5: gemma-4-12b-it-QAT-GGUF | B5: =ROUND(AVERAGEIF(Данные!$A:$A, A5, Данные!$M:$M), 2) | C5: =ROUND(AVERAGEIF(Данные!$A:$A, A5, Данные!$I:$I), 2) | D5: =ROUND(AVERAGEIF(Данные!$A:$A, A5, Данные!$J:$J), 2) | E5: =ROUND(AVERAGEIF(Данные!$A:$A, A5, Данные!$K:$K), 2) | F5: =ROUND(AVERAGEIF(Данные!$A:$A, A5, Данные!$L:$L), 2) | G5: =ROUND(AVERAGEIF(Данные!$A:$A, A5, Данные!$D:$D), 3) | H5: =ROUND(AVERAGEIF(Данные!$A:$A, A5, Данные!$G:$G), 1) | I5: =COUNTIFS(Данные!$A:$A, A5, Данные!$F:$F, "<>")
